Radius IMG1,Radius IMG2,AVG Radius,GT Radius,Radius difference,CALC CENTER,GT CENTER,CENTER DISTANCE,VOLUME OVERLAP
1.6816128134972252,1.9615591838541853,1.8215859986757053,1.4,0.42158599867570534,[-1.02964094  1.44001785  3.03269218],"[-1.0, 1.4, 3.0]",0.05957174337577135,170.5896931085028
1.368176136538735,1.8005357090453107,1.5843559227920228,1.4,0.18435592279202284,[-6.0219222   1.43923951 -4.16722295],"[-6.0, 1.4, -4.0]",0.17315841620345657,66.42205436032629
1.4627046506298558,1.605355694455604,1.5340301725427299,1.2,0.33403017254272993,[-3.63280686  2.68109875  2.95240055],"[-4.0, 1.2, 2.0]",1.798763772859331,2.303782067421771
1.393052066293985,1.6492710860553879,1.5211615761746864,1.4,0.12116157617468648,[-5.94553675  1.3865139  -2.01357299],"[-6.0, 1.4, -2.0]",0.05772648018647476,187.62681488892133
1.4776302654194904,1.2686700948330933,1.373150180126292,1.4,0.026849819873707936,[-4.00731764  1.4029824  -0.04438708],"[-4.0, 1.4, 0.0]",0.0450849757392926,231.39511988871647
1.1144416340563597,2.3567986389430744,1.735620136499717,1.0,0.735620136499717,[-6.11222022  1.00219239  1.94011026],"[-6.0, 1.0, 2.0]",0.12722014916455862,71.24898925177342
