File path,F1 score,TPR
dart0.jpg,0.125,1.0
dart1.jpg,0.0,0.0
dart2.jpg,0.14285714285714288,1.0
dart3.jpg,0.2222222222222222,1.0
dart4.jpg,0.0,0.0
dart5.jpg,0.1111111111111111,1.0
dart6.jpg,0.0,0.0
dart7.jpg,0.0,0.0
dart8.jpg,0.16,0.5
dart9.jpg,0.0,0.0
dart10.jpg,0.0,0.0
dart11.jpg,0.2608695652173913,0.3333333333333333
dart12.jpg,0.0,0.0
dart13.jpg,0.13333333333333333,1.0
dart14.jpg,0.06349206349206349,1.0
dart15.jpg,0.0,0.0
AVERAGES,0.07618033988957902,0.4270833333333333
